Activiti/Activiti,b11f757a48600e53aaf3fcb7a3ba1ece6c463cb4,activiti-spring-boot-starter,org.activiti.spring.boot.tasks.TaskRuntimeClaimReleaseTest.aCreateStandaloneTaskForGroup,89.681
Activiti/Activiti,b11f757a48600e53aaf3fcb7a3ba1ece6c463cb4,activiti-spring-boot-starter,org.activiti.spring.boot.tasks.TaskRuntimeCompleteTaskTest.aCreateStandaloneTaskAndComplete,85.516
Activiti/Activiti,b11f757a48600e53aaf3fcb7a3ba1ece6c463cb4,activiti-spring-boot-starter,org.activiti.spring.boot.tasks.TaskRuntimeCompleteTaskTest.bCreateStandaloneTask,96.453
Activiti/Activiti,b11f757a48600e53aaf3fcb7a3ba1ece6c463cb4,activiti-spring-boot-starter,org.activiti.spring.boot.tasks.TaskRuntimeDeleteTaskTest.cCreateStandaloneGroupTaskClaimAndDeleteFail,98.681
Activiti/Activiti,b11f757a48600e53aaf3fcb7a3ba1ece6c463cb4,activiti-spring-boot-starter,org.activiti.spring.boot.tasks.TaskRuntimeStandaloneTaskTest.aCreateStandaloneTaskForSalaboy,88.583
Activiti/Activiti,b11f757a48600e53aaf3fcb7a3ba1ece6c463cb4,activiti-spring-boot-starter,org.activiti.spring.boot.tasks.TaskRuntimeStandaloneTaskTest.bCreateStandaloneTaskForGroup,92.008
Activiti/Activiti,b11f757a48600e53aaf3fcb7a3ba1ece6c463cb4,activiti-spring-boot-starter,org.activiti.spring.boot.tasks.TaskRuntimeTaskAssigneeTest.aCreateStandaloneTaskForAnotherAssignee,100.655
Activiti/Activiti,b11f757a48600e53aaf3fcb7a3ba1ece6c463cb4,activiti-spring-boot-starter,org.activiti.spring.boot.tasks.TaskRuntimeTaskAssigneeTest.cCreateStandaloneTaskForGroupAndClaim,104.518
Activiti/Activiti,b11f757a48600e53aaf3fcb7a3ba1ece6c463cb4,activiti-spring-boot-starter,org.activiti.spring.boot.tasks.TaskRuntimeTaskForOtherTest.aCreateStandaloneTaskWithNoCandidates,103.390
Activiti/Activiti,b11f757a48600e53aaf3fcb7a3ba1ece6c463cb4,activiti-spring-boot-starter,org.activiti.spring.boot.tasks.TaskRuntimeTaskForOtherTest.bCheckThatTaskIsNotVisibleForNonCandidateUsers,88.213
Activiti/Activiti,b11f757a48600e53aaf3fcb7a3ba1ece6c463cb4,activiti-spring-boot-starter,org.activiti.spring.boot.tasks.TaskRuntimeUnAuthorizedTest.aCreateStandaloneTaskForGroup,95.076
alibaba/fastjson,e05e9c5e4be580691cc55a59f3256595393203a1,.,com.alibaba.json.bvt.serializer.MaxBufSizeTest.test_max_buf,6.294
alibaba/Sentinel,5523fd0d427ba0f66c3e110c2de6347edadcd125,sentinel-core,com.alibaba.csp.sentinel.config.SentinelConfigTest.testDefaultConfig,5.114
alibaba/Sentinel,5523fd0d427ba0f66c3e110c2de6347edadcd125,sentinel-core,com.alibaba.csp.sentinel.TracerTest.setExceptionsToIgnore,501.848
alibaba/Sentinel,5523fd0d427ba0f66c3e110c2de6347edadcd125,sentinel-core,com.alibaba.csp.sentinel.TracerTest.setExceptionsToTrace,563.694
apache/cayenne,5209b9f533ab5f2ac97d31eeb3d1dd2c4dbd64d8,cayenne-client,org.apache.cayenne.CayenneContextClientChannelEventsIT.testSyncToOneRelationship,592.887
apache/geronimo-batchee,0071edabb6b340cc16f8e9d0e17ff25720b4d0fe,tools/cli,org.apache.batchee.cli.MainTest.executions,22.442
apache/hbase,881c92b892844be567d5f26b161a820ebf319f84,hbase-replication,org.apache.hadoop.hbase.replication.TestZKReplicationPeerStorage.test,115.430
apache/incubator-dubbo,737f7a7ea67832d7f17517326fb2491d0a086dd7,dubbo-filter/dubbo-filter-cache,org.apache.dubbo.cache.support.jcache.JCacheFactoryTest.testJCacheGetExpired,380.033
apache/incubator-dubbo,737f7a7ea67832d7f17517326fb2491d0a086dd7,dubbo-serialization/dubbo-serialization-fst,org.apache.dubbo.common.serialize.fst.FstObjectInputTest.testEmptyByteArrayForEmptyInput,6.343
apache/incubator-dubbo,737f7a7ea67832d7f17517326fb2491d0a086dd7,dubbo-common,org.apache.dubbo.common.threadlocal.InternalThreadLocalTest.testSize,4.709
apache/incubator-dubbo,737f7a7ea67832d7f17517326fb2491d0a086dd7,dubbo-config/dubbo-config-api,org.apache.dubbo.config.AbstractInterfaceConfigTest.testCheckRegistry2,18.168
apache/incubator-dubbo,737f7a7ea67832d7f17517326fb2491d0a086dd7,dubbo-config/dubbo-config-api,org.apache.dubbo.config.cache.CacheTest.testCache,40.560
apache/incubator-dubbo,737f7a7ea67832d7f17517326fb2491d0a086dd7,dubbo-config/dubbo-config-spring,org.apache.dubbo.config.spring.extension.SpringExtensionFactoryTest.testGetExtensionByType,374.805
apache/incubator-dubbo,737f7a7ea67832d7f17517326fb2491d0a086dd7,dubbo-config/dubbo-config-spring,org.apache.dubbo.config.spring.extension.SpringExtensionFactoryTest.testGetExtensionByTypeMultiple,630.856
apache/incubator-dubbo,737f7a7ea67832d7f17517326fb2491d0a086dd7,dubbo-config/dubbo-config-api,org.apache.dubbo.config.validation.ValidationTest.testValidation,531.958
apache/incubator-dubbo,737f7a7ea67832d7f17517326fb2491d0a086dd7,dubbo-registry/dubbo-registry-default,org.apache.dubbo.registry.dubbo.RegistryProtocolTest.testDestoryRegistry,355.359
apache/incubator-dubbo,737f7a7ea67832d7f17517326fb2491d0a086dd7,dubbo-registry/dubbo-registry-default,org.apache.dubbo.registry.dubbo.RegistryProtocolTest.testNotifyOverride,69.827
apache/incubator-dubbo,737f7a7ea67832d7f17517326fb2491d0a086dd7,dubbo-registry/dubbo-registry-default,org.apache.dubbo.registry.dubbo.RegistryProtocolTest.testNotifyOverride_notmatch,327.357
apache/incubator-dubbo,737f7a7ea67832d7f17517326fb2491d0a086dd7,dubbo-cluster,org.apache.dubbo.rpc.cluster.StickyTest.testMethodStickyNoCheck,56.026
apache/incubator-dubbo,737f7a7ea67832d7f17517326fb2491d0a086dd7,dubbo-cluster,org.apache.dubbo.rpc.cluster.StickyTest.testStickyNoCheck,57.985
apache/incubator-dubbo,737f7a7ea67832d7f17517326fb2491d0a086dd7,dubbo-cluster,org.apache.dubbo.rpc.cluster.support.ForkingClusterInvokerTest.testClearRpcContext,299.210
apache/incubator-dubbo,737f7a7ea67832d7f17517326fb2491d0a086dd7,dubbo-rpc/dubbo-rpc-dubbo,org.apache.dubbo.rpc.protocol.dubbo.telnet.ChangeTelnetHandlerTest.testChangeServiceNotExport,2014.926
apache/incubator-dubbo,737f7a7ea67832d7f17517326fb2491d0a086dd7,dubbo-rpc/dubbo-rpc-dubbo,org.apache.dubbo.rpc.protocol.dubbo.telnet.PortTelnetHandlerTest.testListAllPort,2705.932
apache/incubator-dubbo,737f7a7ea67832d7f17517326fb2491d0a086dd7,dubbo-rpc/dubbo-rpc-dubbo,org.apache.dubbo.rpc.protocol.dubbo.telnet.PortTelnetHandlerTest.testListDetail,1589.834
apache/incubator-dubbo,737f7a7ea67832d7f17517326fb2491d0a086dd7,dubbo-rpc/dubbo-rpc-api,org.apache.dubbo.rpc.proxy.javassist.JavassistProxyFactoryTest.testGetInvoker,9.897
apache/incubator-dubbo,737f7a7ea67832d7f17517326fb2491d0a086dd7,dubbo-rpc/dubbo-rpc-api,org.apache.dubbo.rpc.proxy.jdk.JdkProxyFactoryTest.testGetInvoker,7.522
apache/incubator-ratis,bc9d7615d8ffa30e79a36b9fd1950af38f0f6a49,ratis-server,org.apache.ratis.server.impl.TestRetryCacheMetrics.testRetryCacheEntryCount,45.068
apache/jackrabbit-oak,11985b3fbbd4f7f39dfaf368b01b5e0c67a32f0d,oak-core,org.apache.jackrabbit.oak.plugins.index.property.OrderedPropertyIndexProviderTest.singleQueryRun,22.258
apache/karaf,b368a87cba0f0e235d5dae72fd6c3559b50fb75c,main,org.apache.karaf.main.MainLockingTest.testLostMasterLockAfterThreshold,401.475
apache/shardingsphere-elasticjob,bdfcaff0c1a702c3ecb44adf46d609a3f0e86c5e,elasticjob-cloud/elasticjob-cloud-scheduler,org.apache.shardingsphere.elasticjob.cloud.scheduler.env.BootstrapEnvironmentTest.assertWithoutEventTraceRdbConfiguration,6.488
apache/shardingsphere-elasticjob,bdfcaff0c1a702c3ecb44adf46d609a3f0e86c5e,elasticjob-cloud/elasticjob-cloud-scheduler,org.apache.shardingsphere.elasticjob.cloud.scheduler.mesos.AppConstraintEvaluatorTest.assertExistExecutorOnS0,645.224
apache/skywalking,edf0bce37f682c093d1ea5bcca0a6d2d1ecc2cc4,apm-commons/apm-datacarrier,org.apache.skywalking.apm.commons.datacarrier.consumer.ConsumerTest.testConsumerMoreThanChannel,19.640
c2mon/c2mon,d80687b119c713dd177a58cf53a997d8cc5ca264,c2mon-server/c2mon-server-elasticsearch,cern.c2mon.server.elasticsearch.tag.config.TagConfigDocumentIndexerTests.reindexTagConfigDocuments,107.848
CloudSlang/cloud-slang,48923570780dd096e0cf17ef657b6b1fdc50dc31,cloudslang-entities,io.cloudslang.fortest.SensitiveValueTest.testEncryptedStringSensitiveValue,29.135
CloudSlang/cloud-slang,48923570780dd096e0cf17ef657b6b1fdc50dc31,cloudslang-entities,io.cloudslang.fortest.SensitiveValueTest.testEncryptedStringSensitiveValuePreEncrypted,26.264
CloudSlang/cloud-slang,48923570780dd096e0cf17ef657b6b1fdc50dc31,cloudslang-entities,io.cloudslang.fortest.SensitiveValueTest.testSensitiveValueEncryptDecrypt,27.484
ConsenSys/tessera,ecdd1a2ce6412c11a8ae722d7a4527a4a66da688,tessera-partyinfo,com.quorum.tessera.discovery.DiscoveryFactoryTest.defaultConstructor,70.970
ConsenSys/tessera,ecdd1a2ce6412c11a8ae722d7a4527a4a66da688,tessera-partyinfo,com.quorum.tessera.discovery.DiscoveryFactoryTest.provideAutoDiscovery,69.449
ConsenSys/tessera,ecdd1a2ce6412c11a8ae722d7a4527a4a66da688,tessera-partyinfo,com.quorum.tessera.discovery.DiscoveryFactoryTest.provideDisabledAutoDiscovery,73.084
ConsenSys/tessera,ecdd1a2ce6412c11a8ae722d7a4527a4a66da688,eclipselink-utils,com.quorum.tessera.eclipselink.AtomicLongSequenceTest.customisedWithDbLogin,81.175
ConsenSys/tessera,ecdd1a2ce6412c11a8ae722d7a4527a4a66da688,eclipselink-utils,com.quorum.tessera.eclipselink.AtomicLongSequenceTest.customisedWithNullDbLogin,109.061
ConsenSys/tessera,ecdd1a2ce6412c11a8ae722d7a4527a4a66da688,eclipselink-utils,com.quorum.tessera.eclipselink.AtomicLongSequenceTest.onDisconnectDoesNothing,138.282
ctco/cukes,b483e1a8f261b80a66291a42fc455256b0b5059c,cukes-http,lv.ctco.cukes.http.facade.HttpAssertionFacadeImplTest.shouldReturnBodyWhenEnabledAndNoMax,1406.873
danfickle/openhtmltopdf,4a0612fab7b3a55e3e11d485233b063006d03b0f,openhtmltopdf-slf4j,com.openhtmltopdf.slf4j.Slf4JLoggerTest.testLogger,129.532
dropwizard/dropwizard,07dfaed697427e208d65049f80a5d1949833b7cd,dropwizard-logging,io.dropwizard.logging.DefaultLoggingFactoryPrintErrorMessagesTest.testLogbackStatusPrinterPrintStreamIsRestoredToSystemOut,23.417
elasticjob/elastic-job-lite,b022898ef1b8c984e17efb2a422ee45f6b13e46e,elastic-job-lite-core,io.elasticjob.lite.internal.election.ElectionListenerManagerTest.assertLeaderElectionWhenRemoveLeaderInstancePathWithAvailableServerButJobInstanceIsShutdown,42.094
elasticjob/elastic-job-lite,b022898ef1b8c984e17efb2a422ee45f6b13e46e,elastic-job-lite-core,io.elasticjob.lite.internal.instance.ShutdownListenerManagerTest.assertIsShutdownAlready,32.338
elasticjob/elastic-job-lite,b022898ef1b8c984e17efb2a422ee45f6b13e46e,elastic-job-lite-core,io.elasticjob.lite.internal.schedule.JobRegistryTest.assertGetCurrentShardingTotalCountIfNull,3.620
elasticjob/elastic-job-lite,b022898ef1b8c984e17efb2a422ee45f6b13e46e,elastic-job-lite-core,io.elasticjob.lite.internal.sharding.ShardingListenerManagerTest.assertListenServersChangedJobListenerWhenIsInstanceChangeButJobInstanceIsShutdown,43.461
google/java-monitoring-client-library,3212364c3e535530c3d96e127c42d302e2c0064b,metrics,com.google.monitoring.metrics.MetricRegistryImplTest.testRegisterAndUnregister_tracksRegistrations,115.102
jenkinsci/remoting,abf0455a68ad6c52a57e912bb89d51f883f77542,.,hudson.remoting.ClassFilterTest.transport_chunking,10.997
jenkinsci/remoting,abf0455a68ad6c52a57e912bb89d51f883f77542,.,hudson.remoting.ClassFilterTest.transport_nio,16.578
jenkinsci/remoting,abf0455a68ad6c52a57e912bb89d51f883f77542,.,hudson.remoting.ClassFilterTest.transport_non_chunking,14.937
jenkinsci/remoting,abf0455a68ad6c52a57e912bb89d51f883f77542,.,hudson.remoting.ClassFilterTest.userRequest,11.455
jenkinsci/remoting,abf0455a68ad6c52a57e912bb89d51f883f77542,.,hudson.remoting.ClassFilterTest.userRequest_singleClassLoader,11.297
jenkinsci/remoting,abf0455a68ad6c52a57e912bb89d51f883f77542,.,hudson.remoting.DefaultClassFilterTest.testDefaultsNoOverride,30.064
jenkinsci/remoting,abf0455a68ad6c52a57e912bb89d51f883f77542,.,hudson.remoting.DefaultClassFilterTest.testDefaultsOverrideExists,7.260
jenkinsci/remoting,abf0455a68ad6c52a57e912bb89d51f883f77542,.,hudson.remoting.DiagnosedStreamCorruptionExceptionTest.blockingStreamShouldNotPreventDiagnosis,13.693
jenkinsci/remoting,abf0455a68ad6c52a57e912bb89d51f883f77542,.,hudson.remoting.DiagnosedStreamCorruptionExceptionTest.exercise,9.674
jitsi/jicofo,2cae36e1e6781b438e52156d82cc32f8dea021b9,.,org.jitsi.jicofo.XmppTest.testAllocateConference,32.125
jnr/jnr-posix,dbda72ce198a8dd766c30c591d63d726d2a28a7c,.,jnr.posix.GroupTest.getgroups,33.218
jnr/jnr-posix,dbda72ce198a8dd766c30c591d63d726d2a28a7c,.,jnr.posix.NlLanginfoTest.testNlLanginfo,33.385
jnr/jnr-posix,dbda72ce198a8dd766c30c591d63d726d2a28a7c,.,jnr.posix.SpawnTest.inputPipe,32.300
jnr/jnr-posix,dbda72ce198a8dd766c30c591d63d726d2a28a7c,.,jnr.posix.SpawnTest.outputPipe,32.407
kevinsawicki/http-request,2d62a3e9da726942a93cf16b6e91c0187e6c0136,lib,com.github.kevinsawicki.http.HttpRequestTest.basicProxyAuthentication,29.946
kevinsawicki/http-request,2d62a3e9da726942a93cf16b6e91c0187e6c0136,lib,com.github.kevinsawicki.http.HttpRequestTest.deleteWithEscapedMappedQueryParams,24.850
kevinsawicki/http-request,2d62a3e9da726942a93cf16b6e91c0187e6c0136,lib,com.github.kevinsawicki.http.HttpRequestTest.deleteWithEscapedVarargsQueryParams,24.316
kevinsawicki/http-request,2d62a3e9da726942a93cf16b6e91c0187e6c0136,lib,com.github.kevinsawicki.http.HttpRequestTest.deleteWithMappedQueryParams,25.077
kevinsawicki/http-request,2d62a3e9da726942a93cf16b6e91c0187e6c0136,lib,com.github.kevinsawicki.http.HttpRequestTest.deleteWithVarargsQueryParams,23.237
kevinsawicki/http-request,2d62a3e9da726942a93cf16b6e91c0187e6c0136,lib,com.github.kevinsawicki.http.HttpRequestTest.getUrlEncodedWithPercent,26.032
kevinsawicki/http-request,2d62a3e9da726942a93cf16b6e91c0187e6c0136,lib,com.github.kevinsawicki.http.HttpRequestTest.getUrlEncodedWithSpace,25.911
kevinsawicki/http-request,2d62a3e9da726942a93cf16b6e91c0187e6c0136,lib,com.github.kevinsawicki.http.HttpRequestTest.getUrlEncodedWithUnicode,24.396
kevinsawicki/http-request,2d62a3e9da726942a93cf16b6e91c0187e6c0136,lib,com.github.kevinsawicki.http.HttpRequestTest.getWithEscapedMappedQueryParams,25.349
kevinsawicki/http-request,2d62a3e9da726942a93cf16b6e91c0187e6c0136,lib,com.github.kevinsawicki.http.HttpRequestTest.getWithEscapedVarargsQueryParams,26.025
kevinsawicki/http-request,2d62a3e9da726942a93cf16b6e91c0187e6c0136,lib,com.github.kevinsawicki.http.HttpRequestTest.getWithMappedQueryParams,25.041
kevinsawicki/http-request,2d62a3e9da726942a93cf16b6e91c0187e6c0136,lib,com.github.kevinsawicki.http.HttpRequestTest.getWithVarargsQueryParams,25.943
kevinsawicki/http-request,2d62a3e9da726942a93cf16b6e91c0187e6c0136,lib,com.github.kevinsawicki.http.HttpRequestTest.headWithEscapedMappedQueryParams,25.921
kevinsawicki/http-request,2d62a3e9da726942a93cf16b6e91c0187e6c0136,lib,com.github.kevinsawicki.http.HttpRequestTest.headWithEscapedVarargsQueryParams,25.950
kevinsawicki/http-request,2d62a3e9da726942a93cf16b6e91c0187e6c0136,lib,com.github.kevinsawicki.http.HttpRequestTest.headWithMappedQueryParams,25.998
kevinsawicki/http-request,2d62a3e9da726942a93cf16b6e91c0187e6c0136,lib,com.github.kevinsawicki.http.HttpRequestTest.headWithVaragsQueryParams,25.004
kevinsawicki/http-request,2d62a3e9da726942a93cf16b6e91c0187e6c0136,lib,com.github.kevinsawicki.http.HttpRequestTest.postWithEscapedMappedQueryParams,26.081
kevinsawicki/http-request,2d62a3e9da726942a93cf16b6e91c0187e6c0136,lib,com.github.kevinsawicki.http.HttpRequestTest.postWithEscapedVarargsQueryParams,23.184
kevinsawicki/http-request,2d62a3e9da726942a93cf16b6e91c0187e6c0136,lib,com.github.kevinsawicki.http.HttpRequestTest.postWithMappedQueryParams,26.079
kevinsawicki/http-request,2d62a3e9da726942a93cf16b6e91c0187e6c0136,lib,com.github.kevinsawicki.http.HttpRequestTest.postWithNumericQueryParams,25.813
kevinsawicki/http-request,2d62a3e9da726942a93cf16b6e91c0187e6c0136,lib,com.github.kevinsawicki.http.HttpRequestTest.postWithVaragsQueryParams,24.910
kevinsawicki/http-request,2d62a3e9da726942a93cf16b6e91c0187e6c0136,lib,com.github.kevinsawicki.http.HttpRequestTest.putWithEscapedMappedQueryParams,23.977
kevinsawicki/http-request,2d62a3e9da726942a93cf16b6e91c0187e6c0136,lib,com.github.kevinsawicki.http.HttpRequestTest.putWithEscapedVarargsQueryParams,26.042
kevinsawicki/http-request,2d62a3e9da726942a93cf16b6e91c0187e6c0136,lib,com.github.kevinsawicki.http.HttpRequestTest.putWithMappedQueryParams,25.035
kevinsawicki/http-request,2d62a3e9da726942a93cf16b6e91c0187e6c0136,lib,com.github.kevinsawicki.http.HttpRequestTest.putWithVarargsQueryParams,25.047
kevinsawicki/http-request,2d62a3e9da726942a93cf16b6e91c0187e6c0136,lib,com.github.kevinsawicki.http.HttpRequestTest.singleSslSocketFactory,20.591
kevinsawicki/http-request,2d62a3e9da726942a93cf16b6e91c0187e6c0136,lib,com.github.kevinsawicki.http.HttpRequestTest.singleVerifier,20.491
kevinsawicki/http-request,2d62a3e9da726942a93cf16b6e91c0187e6c0136,lib,com.github.kevinsawicki.http.HttpRequestTest.verifierAccepts,20.504
ktuukkan/marine-api,af0003847db9ba822f67d4f1dceb8de3fe63250a,.,net.sf.marineapi.ais.event.AbstractAISMessageListenerTest.testBasicListenerWithUnexpectedMessage,6.892
ktuukkan/marine-api,af0003847db9ba822f67d4f1dceb8de3fe63250a,.,net.sf.marineapi.ais.event.AbstractAISMessageListenerTest.testConstructor,6.868
ktuukkan/marine-api,af0003847db9ba822f67d4f1dceb8de3fe63250a,.,net.sf.marineapi.ais.event.AbstractAISMessageListenerTest.testGenericsListener,6.927
ktuukkan/marine-api,af0003847db9ba822f67d4f1dceb8de3fe63250a,.,net.sf.marineapi.ais.event.AbstractAISMessageListenerTest.testGenericsListenerDefaultConstructorThrows,6.849
ktuukkan/marine-api,af0003847db9ba822f67d4f1dceb8de3fe63250a,.,net.sf.marineapi.ais.event.AbstractAISMessageListenerTest.testOnMessageWithExpectedMessage,6.899
ktuukkan/marine-api,af0003847db9ba822f67d4f1dceb8de3fe63250a,.,net.sf.marineapi.ais.event.AbstractAISMessageListenerTest.testParametrizedConstructor,6.872
ktuukkan/marine-api,af0003847db9ba822f67d4f1dceb8de3fe63250a,.,net.sf.marineapi.ais.event.AbstractAISMessageListenerTest.testSequenceListener,6.875
ktuukkan/marine-api,af0003847db9ba822f67d4f1dceb8de3fe63250a,.,net.sf.marineapi.ais.event.AbstractAISMessageListenerTest.testSequenceListenerWithIncorrectOrder,6.781
ktuukkan/marine-api,af0003847db9ba822f67d4f1dceb8de3fe63250a,.,net.sf.marineapi.ais.event.AbstractAISMessageListenerTest.testSequenceListenerWithMixedOrder,6.856
ktuukkan/marine-api,af0003847db9ba822f67d4f1dceb8de3fe63250a,.,net.sf.marineapi.ais.parser.AISMessageFactoryTest.testCreate,6.899
ktuukkan/marine-api,af0003847db9ba822f67d4f1dceb8de3fe63250a,.,net.sf.marineapi.ais.parser.AISMessageFactoryTest.testCreateWithIncorrectOrder,6.813
ktuukkan/marine-api,af0003847db9ba822f67d4f1dceb8de3fe63250a,.,net.sf.marineapi.ais.parser.AISMessageFactoryTest.testCreateWithTwo,6.789
networknt/light-4j,fcded1683dcbd41a968e221494778aa6b71e7428,config,com.networknt.config.ConfigEscapeTest.testSql1,52.868
networknt/light-4j,fcded1683dcbd41a968e221494778aa6b71e7428,config,com.networknt.config.ConfigEscapeTest.testSql2,60.055
networknt/light-4j,fcded1683dcbd41a968e221494778aa6b71e7428,config,com.networknt.config.ConfigEscapeTest.testValuesEscape,52.361
networknt/light-4j,fcded1683dcbd41a968e221494778aa6b71e7428,config,com.networknt.config.TestCentralizedManagement.testMap_allowEmptyStringOverwrite,55.000
networknt/light-4j,fcded1683dcbd41a968e221494778aa6b71e7428,config,com.networknt.config.TestCentralizedManagement.testMap_allowNullOverwrite,53.894
networknt/light-4j,fcded1683dcbd41a968e221494778aa6b71e7428,config,com.networknt.config.TestCentralizedManagement.testMap_mergeApplied_mutatesInPlaceCorrectly,56.943
networknt/light-4j,fcded1683dcbd41a968e221494778aa6b71e7428,consul,com.networknt.consul.ConsulRegistryTest.discoverService,140.055
networknt/light-4j,fcded1683dcbd41a968e221494778aa6b71e7428,consul,com.networknt.consul.ConsulRegistryTest.doRegisterAndAvailable,105.255
networknt/light-4j,fcded1683dcbd41a968e221494778aa6b71e7428,correlation,com.networknt.correlation.CorrelationHandlerTest.testGetWithoutTid,145.341
networknt/light-4j,fcded1683dcbd41a968e221494778aa6b71e7428,handler,com.networknt.handler.HandlerTest.validConfig_init_handlersCreated,56.568
networknt/light-4j,fcded1683dcbd41a968e221494778aa6b71e7428,portal-registry,com.networknt.portal.registry.PortalRegistryTest.discoverService,180.959
networknt/light-4j,fcded1683dcbd41a968e221494778aa6b71e7428,portal-registry,com.networknt.portal.registry.PortalRegistryTest.doRegisterAndAvailable,112.850
networknt/light-4j,fcded1683dcbd41a968e221494778aa6b71e7428,metrics,io.dropwizard.metrics.SharedMetricRegistriesTest.hasASetOfNames,62.864
networknt/light-4j,fcded1683dcbd41a968e221494778aa6b71e7428,metrics,io.dropwizard.metrics.SharedMetricRegistriesTest.removesRegistries,70.122
openpojo/openpojo,9badbcc4593e797accfed5e51bec9f2b843f0f67,.,com.openpojo.issues.issue112.IssueTest.shouldNotFail,64.977
openpojo/openpojo,9badbcc4593e797accfed5e51bec9f2b843f0f67,.,com.openpojo.validation.test.impl.GetterTesterTest.shouldSuccessfullyValidateEvenIfLoggingFails,59.099
openpojo/openpojo,9badbcc4593e797accfed5e51bec9f2b843f0f67,.,com.openpojo.validation.test.impl.SerializableTesterTest.shouldSkipOverNonSerializableClass,21.569
openpojo/openpojo,9badbcc4593e797accfed5e51bec9f2b843f0f67,.,com.openpojo.validation.test.impl.SetterTesterTest.shouldSuccessfullyValidateEvenIfLoggingFails,22.375
openpojo/openpojo,9badbcc4593e797accfed5e51bec9f2b843f0f67,.,com.openpojo.validation.utils.ValidationHelperTest.shouldReportMissingASMProperly,21.771
rest-assured/rest-assured,bbede9fff77d4f1b751cdada0bdf8fe8d928919a,spring-web-test-client,io.restassured.module.webtestclient.WebTestClientSpecificationMergingTest.web_test_client_factory_is_not_overwritten_when_not_defined_in_specification,1025.953
spring-projects/spring-boot,daa3d457b71896a758995c264977bdd1414ee4d4,spring-boot-project/spring-boot,org.springframework.boot.logging.log4j2.Log4J2LoggingSystemTests.loggingThatUsesJulIsCaptured,27.918
spring-projects/spring-boot,daa3d457b71896a758995c264977bdd1414ee4d4,spring-boot-project/spring-boot,org.springframework.boot.logging.logback.LogbackLoggingSystemTests.loggingLevelIsPropagatedToJul,22.778
spring-projects/spring-boot,daa3d457b71896a758995c264977bdd1414ee4d4,spring-boot-project/spring-boot,org.springframework.boot.logging.logback.LogbackLoggingSystemTests.loggingThatUsesJulIsCaptured,22.662
spring-projects/spring-data-envers,5637994be37747e82b2d6d5b34555e2bee791fe6,.,org.springframework.data.envers.repository.support.QueryDslRepositoryIntegrationTests.testWithQueryDsl,303.872
spring-projects/spring-data-envers,5637994be37747e82b2d6d5b34555e2bee791fe6,.,org.springframework.data.envers.repository.support.QueryDslRepositoryIntegrationTests.testWithRevisions,301.651
spring-projects/spring-ws,e8d89c9eb0929dda304174729c9c69fb29f448eb,spring-ws-security,org.springframework.ws.soap.security.xwss.callback.SpringDigestPasswordValidationCallbackHandlerTest.testAuthenticateUserDigestUserNotFound,4.992
spring-projects/spring-ws,e8d89c9eb0929dda304174729c9c69fb29f448eb,spring-ws-security,org.springframework.ws.soap.security.xwss.callback.SpringDigestPasswordValidationCallbackHandlerTest.testAuthenticateUserDigestValidInvalid,5.116
tbsalling/aismessages,7b0c4c708b6bb9a6da3d5737bcad1857ade8a931,.,dk.tbsalling.aismessages.nmea.NMEAMessageHandlerTest.canHandleFragmentedMessageReceived,7.650
tbsalling/aismessages,7b0c4c708b6bb9a6da3d5737bcad1857ade8a931,.,dk.tbsalling.aismessages.nmea.NMEAMessageHandlerTest.canHandleUnfragmentedMessageReceived,6.432
Thomas-S-B/visualee,88732d9dbe5031dad9c9f85a4c4b35e5f1551f95,.,de.strullerbaumann.visualee.dependency.boundary.DependencyContainerTest.testFindAllDependenciesWith,3.866
Thomas-S-B/visualee,88732d9dbe5031dad9c9f85a4c4b35e5f1551f95,.,de.strullerbaumann.visualee.dependency.boundary.DependencyContainerTest.testGetRelevantClassesDirectlyConnected,3.898
Thomas-S-B/visualee,88732d9dbe5031dad9c9f85a4c4b35e5f1551f95,.,de.strullerbaumann.visualee.dependency.boundary.DependencyContainerTest.testGetRelevantClassesFilter,3.831
Thomas-S-B/visualee,88732d9dbe5031dad9c9f85a4c4b35e5f1551f95,.,de.strullerbaumann.visualee.examiner.cdi.ExaminerEJBTest.testFindAndSetAttributesEJBSetterWithAnnotations,3.882
Thomas-S-B/visualee,88732d9dbe5031dad9c9f85a4c4b35e5f1551f95,.,de.strullerbaumann.visualee.examiner.cdi.ExaminerEJBTest.testFindAndSetAttributesEJBWithParameter,3.927
Thomas-S-B/visualee,88732d9dbe5031dad9c9f85a4c4b35e5f1551f95,.,de.strullerbaumann.visualee.examiner.cdi.ExaminerEJBTest.testFindAndSetAttributesSetEJB,3.908
Thomas-S-B/visualee,88732d9dbe5031dad9c9f85a4c4b35e5f1551f95,.,de.strullerbaumann.visualee.examiner.cdi.ExaminerEJBTest.testFindAndSetAttributesSetEJBPackageView,3.846
Thomas-S-B/visualee,88732d9dbe5031dad9c9f85a4c4b35e5f1551f95,.,de.strullerbaumann.visualee.examiner.cdi.ExaminerEventTest.testFindAndSetAttributesSetInstance,3.894
Thomas-S-B/visualee,88732d9dbe5031dad9c9f85a4c4b35e5f1551f95,.,de.strullerbaumann.visualee.examiner.cdi.ExaminerEventTest.testFindEvents,3.901
Thomas-S-B/visualee,88732d9dbe5031dad9c9f85a4c4b35e5f1551f95,.,de.strullerbaumann.visualee.examiner.cdi.ExaminerInjectTest.testFindAndSetAttributesInjectSetterWithAnnotations,3.851
Thomas-S-B/visualee,88732d9dbe5031dad9c9f85a4c4b35e5f1551f95,.,de.strullerbaumann.visualee.examiner.cdi.ExaminerInjectTest.testFindAndSetAttributesSetInject,3.887
Thomas-S-B/visualee,88732d9dbe5031dad9c9f85a4c4b35e5f1551f95,.,de.strullerbaumann.visualee.examiner.cdi.ExaminerInjectTest.testFindEventNamedClass,3.862
Thomas-S-B/visualee,88732d9dbe5031dad9c9f85a4c4b35e5f1551f95,.,de.strullerbaumann.visualee.examiner.cdi.ExaminerInstanceTest.testFindAndSetAttributesSetInstance,3.912
Thomas-S-B/visualee,88732d9dbe5031dad9c9f85a4c4b35e5f1551f95,.,de.strullerbaumann.visualee.examiner.cdi.ExaminerInstanceTest.testFindAndSetAttributesSetInstanceGeneric,3.878
Thomas-S-B/visualee,88732d9dbe5031dad9c9f85a4c4b35e5f1551f95,.,de.strullerbaumann.visualee.examiner.cdi.ExaminerObservesTest.testFindAndSetAttributesObserves,3.929
Thomas-S-B/visualee,88732d9dbe5031dad9c9f85a4c4b35e5f1551f95,.,de.strullerbaumann.visualee.examiner.cdi.ExaminerObservesTest.testObservesAnnotated,3.892
Thomas-S-B/visualee,88732d9dbe5031dad9c9f85a4c4b35e5f1551f95,.,de.strullerbaumann.visualee.examiner.cdi.ExaminerObservesTest.testObservesDuring,3.930
Thomas-S-B/visualee,88732d9dbe5031dad9c9f85a4c4b35e5f1551f95,.,de.strullerbaumann.visualee.examiner.cdi.ExaminerObservesTest.testObservesNotify,3.958
Thomas-S-B/visualee,88732d9dbe5031dad9c9f85a4c4b35e5f1551f95,.,de.strullerbaumann.visualee.examiner.cdi.ExaminerObservesTest.testObservesWithPhases,3.940
Thomas-S-B/visualee,88732d9dbe5031dad9c9f85a4c4b35e5f1551f95,.,de.strullerbaumann.visualee.examiner.cdi.ExaminerProducesTest.testFindAndSetAttributesProduces,3.895
Thomas-S-B/visualee,88732d9dbe5031dad9c9f85a4c4b35e5f1551f95,.,de.strullerbaumann.visualee.examiner.cdi.ExaminerProducesTest.testFindAndSetAttributesStaticProduces,3.923
Thomas-S-B/visualee,88732d9dbe5031dad9c9f85a4c4b35e5f1551f95,.,de.strullerbaumann.visualee.examiner.cdi.ExaminerResourceTest.testFindAndSetAttributesResource,3.929
Thomas-S-B/visualee,88732d9dbe5031dad9c9f85a4c4b35e5f1551f95,.,de.strullerbaumann.visualee.examiner.cdi.ExaminerResourceTest.testFindAndSetAttributesResourceInstance,3.865
Thomas-S-B/visualee,88732d9dbe5031dad9c9f85a4c4b35e5f1551f95,.,de.strullerbaumann.visualee.examiner.cdi.ExaminerResourceTest.testFindAndSetAttributesResourceMappedName,3.886
Thomas-S-B/visualee,88732d9dbe5031dad9c9f85a4c4b35e5f1551f95,.,de.strullerbaumann.visualee.examiner.JavaSourceInspectorTest.testFindAndSetAttributesIgnoreCommentBlocks,3.878
Thomas-S-B/visualee,88732d9dbe5031dad9c9f85a4c4b35e5f1551f95,.,de.strullerbaumann.visualee.examiner.JavaSourceInspectorTest.testFindAndSetAttributesIgnoreComments,3.878
Thomas-S-B/visualee,88732d9dbe5031dad9c9f85a4c4b35e5f1551f95,.,de.strullerbaumann.visualee.examiner.JavaSourceInspectorTest.testSetGroupNrs,3.194
Thomas-S-B/visualee,88732d9dbe5031dad9c9f85a4c4b35e5f1551f95,.,de.strullerbaumann.visualee.examiner.jpa.JPAExaminerTest.testFindAndSetAttributesIgnoreCommentBlocks,3.816
Thomas-S-B/visualee,88732d9dbe5031dad9c9f85a4c4b35e5f1551f95,.,de.strullerbaumann.visualee.examiner.jpa.JPAExaminerTest.testFindAndSetAttributesIgnoreComments,3.861
Thomas-S-B/visualee,88732d9dbe5031dad9c9f85a4c4b35e5f1551f95,.,de.strullerbaumann.visualee.examiner.jpa.JPAExaminerTest.testFindAndSetAttributesManyToMany,4.314
Thomas-S-B/visualee,88732d9dbe5031dad9c9f85a4c4b35e5f1551f95,.,de.strullerbaumann.visualee.examiner.jpa.JPAExaminerTest.testFindAndSetAttributesManyToOne,4.345
Thomas-S-B/visualee,88732d9dbe5031dad9c9f85a4c4b35e5f1551f95,.,de.strullerbaumann.visualee.filter.boundary.FilterContainerTest.testIsOkExcludeFalse,3.877
Thomas-S-B/visualee,88732d9dbe5031dad9c9f85a4c4b35e5f1551f95,.,de.strullerbaumann.visualee.filter.boundary.FilterContainerTest.testIsOkIncludeTrue,3.858
Thomas-S-B/visualee,88732d9dbe5031dad9c9f85a4c4b35e5f1551f95,.,de.strullerbaumann.visualee.filter.entity.ClassFilterTest.testIsOkExcludeFalse,3.851
Thomas-S-B/visualee,88732d9dbe5031dad9c9f85a4c4b35e5f1551f95,.,de.strullerbaumann.visualee.filter.entity.ClassFilterTest.testIsOkIncludeTrue,3.833
Thomas-S-B/visualee,88732d9dbe5031dad9c9f85a4c4b35e5f1551f95,.,de.strullerbaumann.visualee.filter.entity.PackageFilterTest.testIsOkExcludeFalse,3.842
Thomas-S-B/visualee,88732d9dbe5031dad9c9f85a4c4b35e5f1551f95,.,de.strullerbaumann.visualee.filter.entity.PackageFilterTest.testIsOkIncludeTrue,3.880
Thomas-S-B/visualee,88732d9dbe5031dad9c9f85a4c4b35e5f1551f95,.,de.strullerbaumann.visualee.filter.entity.SourcecodeFilterTest.testIsOkExcludeFalse,3.894
Thomas-S-B/visualee,88732d9dbe5031dad9c9f85a4c4b35e5f1551f95,.,de.strullerbaumann.visualee.filter.entity.SourcecodeFilterTest.testIsOkIncludeTrue,3.895
Thomas-S-B/visualee,88732d9dbe5031dad9c9f85a4c4b35e5f1551f95,.,de.strullerbaumann.visualee.source.boundary.JavaSourceContainerTest.testAddJavaSourceDoublette,3.205
Thomas-S-B/visualee,88732d9dbe5031dad9c9f85a4c4b35e5f1551f95,.,de.strullerbaumann.visualee.source.boundary.JavaSourceContainerTest.testGetJavaSourceByName,3.217
Thomas-S-B/visualee,88732d9dbe5031dad9c9f85a4c4b35e5f1551f95,.,de.strullerbaumann.visualee.ui.graph.boundary.GraphCreatorTest.testBuildJSONLinks,3.899
Thomas-S-B/visualee,88732d9dbe5031dad9c9f85a4c4b35e5f1551f95,.,de.strullerbaumann.visualee.ui.graph.boundary.GraphCreatorTest.testBuildJSONNode,3.939
Thomas-S-B/visualee,88732d9dbe5031dad9c9f85a4c4b35e5f1551f95,.,de.strullerbaumann.visualee.ui.graph.boundary.GraphCreatorTest.testBuildJSONNodes,3.905
Thomas-S-B/visualee,88732d9dbe5031dad9c9f85a4c4b35e5f1551f95,.,de.strullerbaumann.visualee.ui.graph.control.DescriptionTest.testGenerateDescription,3.828
Thomas-S-B/visualee,88732d9dbe5031dad9c9f85a4c4b35e5f1551f95,.,de.strullerbaumann.visualee.ui.graph.control.DescriptionTest.testGenerateDescription2,3.981
tools4j/unix4j,367da7d262e682a08577cdf19ebbbdd8a46870fe,unix4j-core/unix4j-command,org.unix4j.unix.FindFileTimeDependentTest.find_fileCreatedBeforeNow,12.275
undertow-io/undertow,d0efffad5d2034bb07525cac9b299dac72c3045d,websockets-jsr,io.undertow.websockets.jsr.test.annotated.AnnotatedEndpointTest.testCloseReason,50.248
vaadin/flow,26aacd3cdf51c7e0a18ae21318d366ce7f91be8a,flow-polymer-template,com.vaadin.flow.component.polymertemplate.NpmTemplateParserTest.should_FindCorrectDataInStats,33.608
wikidata/wikidata-toolkit,20de6f7f12319f54eb962ff6e8357b3f5695d54d,wdtk-util,org.wikidata.wdtk.util.DirectoryManagerFactoryTest.createDefaultDirectoryManagerPath,2.908
wikidata/wikidata-toolkit,20de6f7f12319f54eb962ff6e8357b3f5695d54d,wdtk-util,org.wikidata.wdtk.util.DirectoryManagerFactoryTest.createDirectoryManagerIoException,2.871
wildfly/wildfly,b19048b72669fc0e96665b1b125dc1fda21f5993,naming,org.jboss.as.naming.InitialContextFactoryTestCase.testInitialFactory,19.332
wildfly/wildfly,b19048b72669fc0e96665b1b125dc1fda21f5993,naming,org.jboss.as.naming.InitialContextFactoryTestCase.testJavaContext,19.225
wildfly/wildfly,b19048b72669fc0e96665b1b125dc1fda21f5993,naming,org.jboss.as.naming.InitialContextTestCase.testRegisterURLSchemeHandler,21.867
wildfly/wildfly,b19048b72669fc0e96665b1b125dc1fda21f5993,naming,org.jboss.as.naming.NamingContextTestCase.testBind,20.034
wildfly/wildfly,b19048b72669fc0e96665b1b125dc1fda21f5993,naming,org.jboss.as.naming.NamingContextTestCase.testBindReferenceable,20.000
wildfly/wildfly,b19048b72669fc0e96665b1b125dc1fda21f5993,naming,org.jboss.as.naming.NamingContextTestCase.testCreateSubcontext,19.938
wildfly/wildfly,b19048b72669fc0e96665b1b125dc1fda21f5993,naming,org.jboss.as.naming.NamingContextTestCase.testList,20.091
wildfly/wildfly,b19048b72669fc0e96665b1b125dc1fda21f5993,naming,org.jboss.as.naming.NamingContextTestCase.testListBindings,20.107
wildfly/wildfly,b19048b72669fc0e96665b1b125dc1fda21f5993,naming,org.jboss.as.naming.NamingContextTestCase.testListBindingsNameNotFound,21.129
wildfly/wildfly,b19048b72669fc0e96665b1b125dc1fda21f5993,naming,org.jboss.as.naming.NamingContextTestCase.testListBindingsWithContinuation,20.124
wildfly/wildfly,b19048b72669fc0e96665b1b125dc1fda21f5993,naming,org.jboss.as.naming.NamingContextTestCase.testListNameNotFound,21.145
wildfly/wildfly,b19048b72669fc0e96665b1b125dc1fda21f5993,naming,org.jboss.as.naming.NamingContextTestCase.testListWithContinuation,20.215
wildfly/wildfly,b19048b72669fc0e96665b1b125dc1fda21f5993,naming,org.jboss.as.naming.NamingContextTestCase.testLookup,20.113
wildfly/wildfly,b19048b72669fc0e96665b1b125dc1fda21f5993,naming,org.jboss.as.naming.NamingContextTestCase.testLookupContextLink,20.299
wildfly/wildfly,b19048b72669fc0e96665b1b125dc1fda21f5993,naming,org.jboss.as.naming.NamingContextTestCase.testLookupEmptyName,20.195
wildfly/wildfly,b19048b72669fc0e96665b1b125dc1fda21f5993,naming,org.jboss.as.naming.NamingContextTestCase.testLookupLink,20.360
wildfly/wildfly,b19048b72669fc0e96665b1b125dc1fda21f5993,naming,org.jboss.as.naming.NamingContextTestCase.testLookupNameNotFound,21.193
wildfly/wildfly,b19048b72669fc0e96665b1b125dc1fda21f5993,naming,org.jboss.as.naming.NamingContextTestCase.testLookupReference,19.966
wildfly/wildfly,b19048b72669fc0e96665b1b125dc1fda21f5993,naming,org.jboss.as.naming.NamingContextTestCase.testLookupWithContinuation,20.015
wildfly/wildfly,b19048b72669fc0e96665b1b125dc1fda21f5993,naming,org.jboss.as.naming.NamingContextTestCase.testLookupWitResolveResult,19.999
wildfly/wildfly,b19048b72669fc0e96665b1b125dc1fda21f5993,naming,org.jboss.as.naming.NamingContextTestCase.testRebind,20.099
wildfly/wildfly,b19048b72669fc0e96665b1b125dc1fda21f5993,naming,org.jboss.as.naming.NamingContextTestCase.testRebindReferenceable,19.908
wildfly/wildfly,b19048b72669fc0e96665b1b125dc1fda21f5993,naming,org.jboss.as.naming.NamingContextTestCase.testUnbind,21.052
wildfly/wildfly,b19048b72669fc0e96665b1b125dc1fda21f5993,naming,org.jboss.as.naming.NamingEventCoordinatorTestCase.testFireAllEvent,22.664
wildfly/wildfly,b19048b72669fc0e96665b1b125dc1fda21f5993,naming,org.jboss.as.naming.NamingEventCoordinatorTestCase.testFireMultiLevelEvent,22.685
wildfly/wildfly,b19048b72669fc0e96665b1b125dc1fda21f5993,naming,org.jboss.as.naming.NamingEventCoordinatorTestCase.testFireObjectEvent,22.778
wildfly/wildfly,b19048b72669fc0e96665b1b125dc1fda21f5993,naming,org.jboss.as.naming.NamingEventCoordinatorTestCase.testFireOneLevelEvent,22.870
wildfly/wildfly,b19048b72669fc0e96665b1b125dc1fda21f5993,naming,org.jboss.as.naming.NamingEventCoordinatorTestCase.testFireSubTreeEvent,22.542
wildfly/wildfly,b19048b72669fc0e96665b1b125dc1fda21f5993,naming,org.jboss.as.naming.ObjectFactoryTestCase.testBindAndRetrieveObjectFactoryFromInitialContext,19.977
wildfly/wildfly,b19048b72669fc0e96665b1b125dc1fda21f5993,naming,org.jboss.as.naming.ObjectFactoryTestCase.testBindAndRetrieveObjectFactoryFromNamingContext,20.044
wildfly/wildfly,b19048b72669fc0e96665b1b125dc1fda21f5993,naming,org.jboss.as.naming.ServiceBasedNamingStoreTestCase.testListBindings,23.294
wildfly/wildfly,b19048b72669fc0e96665b1b125dc1fda21f5993,naming,org.jboss.as.naming.ServiceBasedNamingStoreTestCase.testLookupBinding,22.926
wildfly/wildfly,b19048b72669fc0e96665b1b125dc1fda21f5993,naming,org.jboss.as.naming.ServiceBasedNamingStoreTestCase.testLookupBindingUsingNestedContext,22.841
wildfly/wildfly,b19048b72669fc0e96665b1b125dc1fda21f5993,naming,org.jboss.as.naming.ServiceBasedNamingStoreTestCase.testStoredContext,23.071
wildfly/wildfly,b19048b72669fc0e96665b1b125dc1fda21f5993,naming,org.jboss.as.naming.subsystem.NamingSubsystemTestCase.testCompositeBindingOps,38.552
wildfly/wildfly,b19048b72669fc0e96665b1b125dc1fda21f5993,naming,org.jboss.as.naming.subsystem.NamingSubsystemTestCase.testOnlyExternalContextAllowsCache,37.699
wildfly/wildfly,b19048b72669fc0e96665b1b125dc1fda21f5993,naming,org.jboss.as.naming.subsystem.NamingSubsystemTestCase.testSubsystem,41.953
winder/Universal-G-Code-Sender,4426f71c900ddd4a1eeb3957f3275cedc6312534,ugs-platform/ugs-platform-plugin-cloud-storage,com.willwinder.ugs.nbp.S3FileSystemViewTest.testGetFiles,65.007
winder/Universal-G-Code-Sender,4426f71c900ddd4a1eeb3957f3275cedc6312534,ugs-core,com.willwinder.universalgcodesender.GrblControllerTest.rawResponseHandlerOnErrorWithNoSentCommandsShouldSendMessageToConsole,439.524
winder/Universal-G-Code-Sender,4426f71c900ddd4a1eeb3957f3275cedc6312534,ugs-core,com.willwinder.universalgcodesender.GrblControllerTest.rawResponseHandlerWithKnownErrorShouldWriteMessageToConsole,493.973
winder/Universal-G-Code-Sender,4426f71c900ddd4a1eeb3957f3275cedc6312534,ugs-core,com.willwinder.universalgcodesender.GrblControllerTest.rawResponseHandlerWithUnknownErrorShouldWriteGenericMessageToConsole,494.229
winder/Universal-G-Code-Sender,4426f71c900ddd4a1eeb3957f3275cedc6312534,ugs-core,com.willwinder.universalgcodesender.GrblControllerTest.testGetGrblVersion,372.965
winder/Universal-G-Code-Sender,4426f71c900ddd4a1eeb3957f3275cedc6312534,ugs-core,com.willwinder.universalgcodesender.GrblControllerTest.testIsReadyToStreamFile,371.975
yangfuhai/jboot,4bffb4dff4ce5190917491a1b68f79efbfe99650,.,io.jboot.test.cache.caffeine.CaffeineTester.testDue,118.709
yangfuhai/jboot,4bffb4dff4ce5190917491a1b68f79efbfe99650,.,io.jboot.test.cache.caffeine.CaffeineTester.testGet,43.819
yangfuhai/jboot,4bffb4dff4ce5190917491a1b68f79efbfe99650,.,io.jboot.test.cache.caffeine.CaffeineTester.testPut,43.680
yangfuhai/jboot,4bffb4dff4ce5190917491a1b68f79efbfe99650,.,io.jboot.test.cache.caffeine.CaffeineTester.testTtl,93.857
yangfuhai/jboot,4bffb4dff4ce5190917491a1b68f79efbfe99650,.,io.jboot.test.cache.ehcache.EhCacheTester.testGet,37.829
yangfuhai/jboot,4bffb4dff4ce5190917491a1b68f79efbfe99650,.,io.jboot.test.cache.ehcache.EhCacheTester.testPut,37.770
